typing_speed,key_hold_time,mouse_velocity,click_interval,scroll_depth,network_latency,time_of_day,label
5.39,107.59,475.37,872.63,0.71,100.69,18,1
4.96,103.27,435.58,926.16,0.72,140.2,13,1
5.32,101.81,430.75,864.09,0.7,117.68,13,1
5.42,108.84,506.02,946.82,0.7,133.35,16,1
5.51,112.56,425.56,903.94,0.67,126.58,14,1
5.06,102.75,444.37,937.28,0.59,123.19,16,1
5.0,107.56,427.28,887.57,0.59,133.13,18,1
5.3,114.04,487.22,938.48,0.7,107.12,16,1
4.87,104.05,498.78,916.22,0.72,146.75,14,1
5.24,106.25,434.19,891.4,0.69,147.55,17,1
5.45,111.81,455.89,894.78,0.7,116.01,17,1
4.97,110.8,496.94,924.03,0.62,126.34,14,1
5.09,100.25,449.17,928.5,0.69,142.98,13,1
5.61,101.56,449.71,878.8,0.7,135.98,18,1
5.58,119.05,467.99,865.88,0.59,138.56,14,1
5.32,113.77,453.59,949.49,0.65,136.0,16,1
5.57,115.54,497.15,923.51,0.71,111.15,13,1
5.08,101.96,468.65,945.82,0.64,137.46,15,1
4.81,101.85,483.07,868.39,0.6,113.65,18,1
5.55,111.86,440.57,885.61,0.7,129.0,15,1
5.18,105.39,479.48,913.95,0.7,124.24,14,1
5.44,104.72,464.25,877.3,0.66,130.84,18,1
5.42,103.48,459.46,921.98,0.62,115.3,13,1
4.86,106.17,488.12,942.87,0.67,130.62,18,1
5.13,112.02,494.04,870.03,0.64,122.72,13,1
5.48,105.5,466.87,884.33,0.69,125.08,18,1
4.9,114.21,509.52,876.12,0.59,135.29,14,1
5.59,116.52,430.19,935.79,0.6,128.82,16,1
4.93,102.3,502.63,908.02,0.61,121.1,16,1
5.43,103.02,442.74,885.13,0.66,141.9,18,1
5.3,111.96,451.66,876.02,0.62,149.6,15,1
5.47,107.91,478.88,927.51,0.61,121.86,15,1
5.52,117.34,434.94,915.41,0.65,124.47,17,1
5.16,109.37,472.11,915.82,0.66,125.08,15,1
5.03,115.14,482.77,932.3,0.68,104.8,18,1
5.32,107.87,500.39,894.76,0.59,131.53,16,1
5.35,105.44,427.29,926.21,0.68,115.06,18,1
5.2,109.91,471.85,861.35,0.68,148.75,18,1
5.2,106.08,474.82,934.95,0.62,127.17,14,1
5.22,104.03,467.77,869.0,0.68,132.4,18,1
5.11,102.33,452.0,894.45,0.62,131.98,18,1
5.0,100.23,440.85,877.98,0.7,134.62,15,1
4.98,104.74,428.03,947.76,0.58,115.03,18,1
5.27,102.83,449.81,932.94,0.7,140.94,18,1
5.06,113.73,441.82,889.08,0.66,111.8,16,1
4.81,118.07,492.34,942.48,0.7,100.63,16,1
4.82,101.23,431.38,874.09,0.6,102.98,18,1
5.05,108.08,463.47,883.24,0.63,114.63,13,1
5.18,100.22,429.93,878.48,0.65,132.44,16,1
5.15,107.41,441.47,911.9,0.63,113.86,18,1
4.94,110.83,491.74,875.02,0.68,123.09,18,1
5.19,109.23,451.47,931.51,0.72,101.14,16,1
5.07,119.82,448.33,917.15,0.69,130.95,18,1
5.33,108.02,440.86,883.62,0.7,144.42,18,1
5.43,104.69,508.63,928.55,0.63,101.57,13,1
5.21,101.07,501.55,928.52,0.66,135.6,17,1
5.57,116.17,497.75,910.52,0.67,132.9,15,1
5.22,107.3,473.64,884.39,0.63,145.1,17,1
4.86,101.91,423.26,917.8,0.7,143.57,14,1
4.83,119.91,488.75,901.76,0.62,101.12,18,1
5.11,117.93,500.31,905.64,0.62,138.05,18,1
5.1,110.78,456.9,876.37,0.62,112.23,13,1
4.98,111.84,429.56,939.91,0.6,106.97,15,1
5.18,109.84,483.5,899.33,0.71,121.87,13,1
4.98,112.18,453.58,917.83,0.69,112.09,17,1
5.67,119.9,446.02,870.9,0.66,114.95,14,1
5.47,110.98,482.93,912.03,0.63,106.14,18,1
5.01,110.72,475.56,913.93,0.64,112.7,15,1
4.89,106.45,437.73,863.7,0.59,134.2,17,1
5.61,103.98,505.95,927.5,0.61,100.24,14,1
5.48,109.8,424.23,933.68,0.6,125.84,14,1
5.69,113.8,503.27,943.81,0.65,119.23,15,1
5.04,115.55,435.85,933.57,0.64,112.43,14,1
5.42,113.71,496.95,930.36,0.7,114.71,16,1
5.17,117.63,509.99,934.04,0.68,115.95,17,1
5.61,115.82,455.69,899.96,0.6,129.63,13,1
4.88,103.61,488.82,929.64,0.69,109.28,15,1
5.53,108.21,471.54,898.79,0.64,118.59,18,1
5.32,102.39,439.35,887.85,0.6,111.37,13,1
4.95,101.46,454.88,921.96,0.65,148.04,15,1
5.15,100.44,428.8,931.31,0.68,113.79,18,1
4.88,101.22,420.13,870.62,0.65,123.43,16,1
5.26,114.05,463.77,947.3,0.61,135.98,14,1
5.25,112.14,446.85,901.4,0.7,110.3,16,1
5.4,113.03,467.39,892.8,0.67,132.69,14,1
4.88,102.39,466.15,902.09,0.58,144.97,16,1
5.59,110.81,451.46,914.81,0.69,135.25,17,1
5.65,109.52,476.67,914.47,0.7,138.47,14,1
5.03,101.32,439.33,912.71,0.61,119.54,18,1
5.69,114.39,487.9,915.35,0.71,111.84,15,1
4.8,119.1,440.47,925.05,0.7,140.67,16,1
5.35,110.09,429.49,887.0,0.68,143.93,18,1
5.05,112.55,496.81,945.39,0.67,137.68,15,1
5.63,106.46,428.84,896.63,0.64,137.99,14,1
4.95,103.8,426.73,915.03,0.7,146.33,14,1
5.26,103.42,421.53,949.32,0.71,135.32,15,1
5.56,118.42,431.41,920.42,0.62,145.78,15,1
4.98,116.81,480.52,897.97,0.7,148.21,15,1
5.28,105.95,477.69,880.74,0.68,139.26,18,1
5.05,118.08,458.02,899.33,0.59,137.6,14,1
5.64,106.13,496.92,923.83,0.61,104.71,18,1
5.22,101.51,501.75,922.62,0.67,112.07,16,1
5.09,119.86,462.25,933.77,0.69,125.79,16,1
5.25,110.47,445.59,949.17,0.71,117.51,17,1
4.85,119.16,475.55,947.57,0.65,149.32,16,1
5.45,104.0,475.67,945.12,0.62,110.36,17,1
5.66,104.74,469.05,862.86,0.67,121.92,14,1
5.32,116.48,462.95,929.57,0.68,137.52,14,1
5.54,102.41,474.13,900.68,0.71,130.15,18,1
5.2,104.78,430.98,933.04,0.69,100.48,18,1
4.99,117.57,449.92,912.91,0.7,142.99,17,1
5.2,112.82,501.42,881.5,0.66,102.01,15,1
5.36,115.84,464.54,907.92,0.58,128.74,14,1
5.27,102.15,427.0,894.44,0.69,103.34,16,1
5.47,113.94,472.07,947.32,0.64,104.8,14,1
5.38,103.56,461.96,941.73,0.71,120.24,17,1
4.96,110.29,481.94,907.18,0.7,146.72,18,1
5.51,119.19,426.59,890.01,0.61,119.12,17,1
5.36,111.58,502.32,892.74,0.65,120.03,14,1
5.5,112.93,430.29,910.68,0.66,147.52,17,1
5.51,117.9,488.31,935.08,0.58,145.04,14,1
4.85,117.24,457.23,865.5,0.72,145.44,15,1
5.64,100.83,460.82,912.3,0.63,134.92,18,1
5.02,117.32,421.22,876.69,0.59,111.79,15,1
5.52,104.92,446.06,942.22,0.69,144.59,15,1
5.53,106.95,479.53,907.07,0.61,140.57,18,1
5.24,100.36,431.28,866.52,0.66,146.39,17,1
4.98,112.54,447.66,936.02,0.66,132.88,13,1
5.54,103.64,474.17,874.35,0.6,120.53,15,1
5.69,119.5,430.5,903.83,0.7,118.68,18,1
5.19,110.86,467.27,940.6,0.63,132.93,14,1
5.65,103.54,425.49,890.84,0.72,127.86,16,1
5.66,117.17,429.46,903.28,0.66,127.35,15,1
4.93,100.86,508.89,939.03,0.65,104.37,18,1
4.95,112.31,437.18,881.53,0.6,115.54,17,1
5.58,101.58,430.33,885.85,0.61,123.28,15,1
5.37,108.51,497.98,892.25,0.62,115.72,13,1
5.61,117.49,465.74,893.72,0.66,117.1,18,1
5.62,109.4,500.61,866.16,0.59,148.44,17,1
5.62,102.66,435.3,898.61,0.63,101.71,13,1
5.39,101.11,457.11,947.43,0.61,138.17,16,1
5.34,102.04,478.94,907.15,0.68,123.03,17,1
5.46,113.86,467.49,934.17,0.7,144.66,14,1
5.43,117.05,432.78,930.83,0.6,129.59,14,1
5.26,112.27,430.95,914.51,0.62,148.47,13,1
5.07,113.54,506.93,898.91,0.59,117.31,17,1
5.31,100.6,462.39,863.13,0.62,117.87,14,1
5.45,101.81,420.65,934.81,0.59,144.86,18,1
4.87,112.34,444.94,876.44,0.67,129.57,16,1
5.22,105.96,426.46,928.96,0.63,143.47,16,1
5.7,103.24,475.43,933.14,0.61,119.62,17,1
5.68,114.94,487.05,903.66,0.71,118.48,13,1
5.05,104.89,447.79,879.89,0.67,120.41,17,1
5.64,105.6,482.4,911.78,0.63,129.42,13,1
5.48,107.91,495.6,918.51,0.64,116.3,13,1
5.48,116.77,468.84,895.56,0.7,129.05,18,1
5.62,107.21,475.62,937.62,0.65,145.82,16,1
4.95,108.48,475.4,903.47,0.69,133.84,16,1
5.14,117.04,509.11,871.35,0.7,102.19,13,1
5.54,114.45,458.57,885.46,0.69,101.03,16,1
5.46,116.63,454.68,949.29,0.69,112.33,17,1
5.01,100.24,501.97,894.61,0.65,125.64,15,1
5.64,108.29,474.79,934.9,0.68,116.45,14,1
4.89,111.6,466.88,889.35,0.62,128.59,16,1
5.05,105.34,449.29,866.21,0.63,133.49,16,1
4.87,107.56,467.94,878.79,0.71,148.75,16,1
5.51,109.06,509.4,926.22,0.65,111.97,15,1
5.04,104.11,468.15,933.67,0.67,141.91,18,1
5.24,111.97,457.97,866.1,0.66,110.05,13,1
4.98,103.49,463.35,927.45,0.59,103.13,16,1
4.82,118.96,504.65,921.14,0.64,122.23,15,1
4.84,119.75,498.87,910.25,0.69,142.31,18,1
5.57,113.22,441.09,888.59,0.64,120.02,15,1
5.57,111.22,483.86,933.85,0.61,100.82,17,1
5.51,105.97,472.95,902.43,0.67,114.93,15,1
5.07,110.3,428.87,909.47,0.63,120.31,16,1
4.99,111.21,472.16,914.12,0.72,137.44,14,1
5.21,103.01,503.43,886.03,0.61,129.11,13,1
5.54,116.3,465.22,943.36,0.71,124.65,16,1
5.34,113.05,426.81,881.6,0.59,138.93,17,1
5.4,114.14,476.93,918.95,0.59,107.22,17,1
5.11,104.94,486.49,881.49,0.68,104.9,14,1
5.13,107.38,483.22,881.89,0.71,140.43,16,1
5.63,117.59,470.38,942.47,0.6,118.17,18,1
5.08,106.91,462.87,872.66,0.59,147.13,16,1
5.6,111.6,463.33,915.39,0.69,102.45,14,1
5.27,111.32,450.86,887.02,0.61,105.91,15,1
5.63,105.31,442.31,926.83,0.66,127.98,16,1
5.47,107.81,441.99,885.23,0.59,120.56,17,1
5.64,109.54,432.55,930.77,0.59,121.59,16,1
5.48,100.11,454.8,905.91,0.69,129.91,18,1
5.33,103.69,477.08,925.9,0.65,149.67,17,1
4.92,108.04,462.3,888.08,0.62,136.0,16,1
4.89,105.66,436.26,949.56,0.63,100.11,17,1
5.27,102.35,439.34,936.42,0.7,143.87,16,1
5.16,104.3,485.28,886.51,0.71,109.11,17,1
4.94,112.11,467.66,906.91,0.7,146.23,15,1
5.38,117.72,427.78,929.48,0.66,120.62,13,1
5.46,118.54,453.84,884.18,0.61,149.69,18,1
5.61,107.86,470.97,872.63,0.61,143.79,15,1
5.24,103.0,432.83,947.0,0.64,107.66,15,1
5.48,103.03,461.45,889.39,0.7,134.54,18,1
5.51,108.88,458.4,887.59,0.66,121.04,18,1
4.85,102.41,446.31,929.04,0.64,103.99,17,1
5.46,114.51,428.41,894.19,0.64,100.07,14,1
4.85,117.03,449.45,914.39,0.59,127.68,13,1
5.67,109.87,444.59,861.76,0.66,148.17,13,1
5.07,100.03,445.44,872.16,0.69,131.15,16,1
5.3,102.25,465.26,895.18,0.72,148.52,14,1
4.89,115.86,475.37,880.2,0.59,146.85,17,1
5.01,103.05,448.11,940.58,0.68,106.68,15,1
4.9,110.04,493.57,940.05,0.68,146.58,15,1
5.56,107.35,452.6,895.11,0.69,121.54,13,1
5.43,106.57,441.69,887.26,0.61,105.9,15,1
5.25,111.52,420.27,869.23,0.68,104.5,18,1
4.9,101.41,476.77,874.18,0.66,118.53,14,1
4.84,113.77,445.72,941.95,0.72,116.82,17,1
5.42,104.98,426.38,910.38,0.58,115.9,13,1
5.2,107.19,485.3,905.19,0.71,113.3,14,1
4.85,106.67,441.23,918.23,0.69,106.07,18,1
5.27,104.14,502.16,891.35,0.71,132.09,16,1
5.31,108.09,482.9,901.06,0.7,105.68,16,1
4.86,106.21,442.91,933.7,0.7,109.2,18,1
5.11,113.95,483.84,946.42,0.63,111.74,13,1
5.36,100.11,439.67,937.61,0.61,132.56,14,1
5.39,118.99,429.04,931.28,0.62,143.46,15,1
4.82,108.23,425.8,893.59,0.59,138.13,17,1
4.88,105.97,465.42,886.08,0.66,134.99,13,1
4.91,100.88,451.36,940.35,0.62,104.67,18,1
5.46,113.25,509.04,917.77,0.63,114.85,18,1
4.84,114.77,444.84,863.23,0.67,124.16,18,1
4.89,103.27,500.82,916.34,0.6,110.9,17,1
4.85,119.86,477.65,933.63,0.59,124.0,15,1
5.36,118.15,455.28,923.79,0.7,111.87,16,1
5.01,107.02,506.65,909.23,0.68,124.75,16,1
5.09,105.86,458.88,905.92,0.64,120.61,18,1
5.63,103.68,487.21,931.8,0.59,103.6,16,1
5.69,102.91,463.22,886.88,0.67,118.7,13,1
4.82,105.99,489.89,925.99,0.72,139.43,13,1
5.59,119.42,438.66,890.93,0.7,127.21,15,1
5.28,106.75,424.86,940.85,0.6,140.45,18,1
5.45,105.54,427.27,942.2,0.6,140.27,13,1
5.57,111.4,443.33,896.11,0.59,126.31,18,1
5.45,104.33,437.28,915.08,0.61,115.75,17,1
5.16,106.38,468.89,925.14,0.64,112.29,18,1
5.03,119.48,455.25,942.19,0.64,144.34,17,1
5.17,109.66,442.32,924.2,0.65,104.16,17,1
5.0,100.6,456.39,874.26,0.59,134.83,15,1
4.85,114.47,438.98,864.49,0.67,109.62,17,1
5.0,106.19,498.16,898.1,0.6,119.39,15,1
5.21,109.8,456.03,880.64,0.71,145.79,15,1
4.94,119.57,484.58,904.41,0.64,147.21,13,1
5.51,113.45,432.35,884.69,0.72,109.25,13,1
4.89,113.26,426.49,875.82,0.61,140.83,17,1
5.21,103.07,485.55,897.42,0.58,117.4,15,1
5.08,102.04,482.44,923.88,0.72,126.19,13,1
4.84,114.18,439.11,917.03,0.7,116.58,17,1
4.85,101.68,427.24,871.47,0.65,123.41,16,1
5.54,112.1,475.73,926.2,0.69,136.19,18,1
4.92,101.33,472.38,886.27,0.63,113.99,18,1
5.58,105.27,450.56,863.95,0.68,133.27,17,1
5.07,105.3,427.61,899.35,0.67,149.71,14,1
5.38,114.91,481.01,863.27,0.59,140.92,14,1
4.91,114.48,456.71,865.62,0.65,109.19,14,1
4.87,118.35,480.44,882.39,0.69,106.72,13,1
4.99,104.0,507.09,914.23,0.59,117.55,14,1
5.12,119.03,448.69,932.66,0.71,110.95,13,1
5.2,106.0,498.25,945.34,0.65,118.64,13,1
5.61,104.25,500.97,903.93,0.72,122.55,16,1
5.16,101.94,490.83,896.49,0.6,127.11,14,1
4.88,118.71,428.02,894.58,0.68,143.62,13,1
5.16,102.83,433.92,917.12,0.6,120.62,15,1
4.97,116.43,507.09,929.07,0.61,141.72,13,1
5.01,106.93,499.28,931.32,0.6,147.22,15,1
5.49,114.15,477.39,928.91,0.58,128.32,16,1
4.93,114.43,486.63,869.93,0.72,115.57,14,1
5.12,100.23,458.58,860.54,0.58,128.81,14,1
5.13,112.68,471.7,892.54,0.7,135.21,16,1
5.3,105.9,482.32,925.12,0.63,114.71,15,1
5.51,107.23,468.7,893.71,0.71,129.62,13,1
5.53,109.69,447.01,907.21,0.67,136.68,15,1
4.89,105.04,467.92,924.62,0.62,120.92,15,1
5.23,113.55,435.7,863.27,0.64,112.52,13,1
4.99,104.84,461.63,869.86,0.62,111.52,16,1
5.34,111.7,443.59,949.12,0.64,110.44,15,1
5.54,106.42,441.71,870.64,0.71,149.91,17,1
4.89,119.57,496.67,892.77,0.7,117.68,14,1
5.69,118.19,496.94,928.93,0.61,126.22,17,1
5.06,108.37,432.26,931.95,0.63,106.93,16,1
5.63,105.66,443.66,881.42,0.7,137.29,15,1
5.17,114.0,492.04,944.41,0.72,144.24,18,1
5.13,106.17,433.32,913.02,0.6,119.1,17,1
5.49,100.03,475.74,893.15,0.61,139.16,13,1
5.52,119.97,497.21,926.47,0.67,116.23,18,1
5.27,101.69,499.49,886.84,0.58,126.97,18,1
5.31,115.88,483.6,882.92,0.69,109.69,16,1
5.09,110.98,434.08,889.23,0.65,145.36,18,1
5.64,111.26,460.9,945.69,0.58,134.14,18,1
5.03,104.27,482.96,893.97,0.66,137.18,13,1
5.48,109.43,480.51,939.8,0.66,109.73,14,1
5.04,105.5,498.48,896.85,0.69,126.73,17,1
4.98,113.28,445.33,889.26,0.64,133.18,16,1
5.13,117.63,505.24,938.05,0.6,112.99,16,1
5.56,113.35,437.94,881.06,0.64,110.52,17,1
5.28,119.66,458.2,934.98,0.7,108.71,13,1
5.09,107.42,479.2,881.73,0.71,128.0,13,1
5.65,107.13,433.09,905.45,0.68,141.81,17,1
5.41,115.48,449.72,905.77,0.65,100.1,13,1
5.22,119.24,440.36,914.13,0.7,123.03,16,1
5.33,112.4,437.27,928.22,0.64,116.48,17,1
5.09,116.35,474.47,870.19,0.68,136.73,17,1
4.9,116.72,440.48,946.68,0.67,123.0,18,1
5.02,112.79,467.75,910.93,0.58,141.5,16,1
5.06,113.87,502.11,947.37,0.6,122.81,17,1
5.55,111.36,502.1,876.86,0.6,121.35,16,1
4.97,112.53,465.1,887.51,0.66,134.67,17,1
5.28,119.42,459.72,917.25,0.65,139.14,15,1
4.98,111.79,458.79,871.42,0.7,145.05,17,1
5.03,102.78,452.48,937.95,0.61,125.54,15,1
5.36,108.87,450.92,863.14,0.64,101.58,15,1
5.39,113.55,442.92,877.78,0.59,109.54,14,1
4.88,107.71,477.38,880.13,0.6,142.85,14,1
5.41,110.56,509.34,884.6,0.71,120.28,18,1
5.4,111.17,458.49,946.09,0.7,119.77,15,1
5.36,111.6,485.88,894.19,0.71,129.79,14,1
5.45,116.5,494.25,863.26,0.64,122.02,13,1
5.14,102.83,449.62,918.6,0.69,138.32,16,1
5.54,108.73,446.03,875.41,0.65,145.71,13,1
5.48,110.7,436.08,898.18,0.65,119.49,14,1
5.37,101.18,507.01,949.73,0.72,130.29,15,1
5.18,111.67,470.55,945.27,0.67,144.66,17,1
5.29,119.35,468.47,928.56,0.66,115.97,18,1
4.89,114.75,469.93,876.91,0.71,146.2,16,1
5.01,115.44,509.62,916.33,0.68,122.63,13,1
5.53,109.4,490.66,912.08,0.6,141.11,17,1
5.32,115.93,484.78,943.41,0.63,109.48,14,1
4.83,101.06,456.14,932.77,0.69,133.65,18,1
5.66,106.51,453.76,883.18,0.65,140.83,14,1
5.54,117.94,504.01,882.87,0.59,143.06,14,1
5.66,114.35,428.5,921.64,0.61,107.03,15,1
5.24,107.39,426.4,875.64,0.62,106.8,18,1
5.58,106.31,492.11,897.03,0.59,112.46,16,1
5.57,108.87,433.2,942.55,0.72,123.48,15,1
5.35,117.67,472.99,861.42,0.68,137.13,16,1
5.45,113.74,428.39,921.55,0.68,146.14,17,1
4.91,109.78,490.7,865.01,0.7,121.56,18,1
5.36,100.47,481.94,871.92,0.62,143.91,17,1
5.53,104.94,482.71,947.17,0.6,105.78,16,1
5.1,100.26,506.08,860.29,0.63,122.17,13,1
5.06,109.52,497.99,911.7,0.67,113.84,14,1
5.47,113.05,472.47,881.08,0.6,136.06,17,1
5.01,114.51,485.38,921.47,0.71,105.73,15,1
5.38,109.43,504.92,939.94,0.66,105.84,16,1
5.17,112.91,444.04,947.65,0.67,144.56,13,1
5.42,106.12,492.53,897.09,0.69,124.04,14,1
4.89,105.73,420.3,910.96,0.61,132.83,14,1
5.04,113.66,479.57,923.83,0.64,141.15,15,1
4.83,103.5,445.56,888.43,0.7,128.65,14,1
4.9,117.15,505.77,866.83,0.68,118.88,17,1
4.86,110.36,493.35,890.53,0.68,111.99,14,1
5.49,102.5,476.0,886.62,0.58,148.92,15,1
4.94,118.34,441.3,949.76,0.71,112.74,15,1
5.17,114.78,422.42,896.26,0.6,113.09,13,1
5.36,110.97,499.5,936.31,0.59,114.47,14,1
5.15,104.78,476.88,923.58,0.68,142.18,16,1
4.98,104.94,428.58,898.72,0.63,128.86,13,1
5.6,106.52,455.03,862.97,0.7,103.93,13,1
5.59,101.22,487.83,918.25,0.7,134.22,14,1
5.02,118.83,454.41,905.15,0.66,141.36,16,1
5.66,107.62,486.83,869.1,0.62,148.09,14,1
4.81,112.67,503.57,887.51,0.59,126.66,16,1
5.49,107.8,505.71,889.84,0.67,124.32,16,1
5.51,111.86,475.88,911.79,0.69,148.27,15,1
5.5,102.83,471.38,929.68,0.72,121.3,13,1
5.06,118.28,426.28,882.6,0.65,136.04,16,1
5.55,110.14,477.43,899.54,0.61,122.21,15,1
5.09,119.44,497.07,911.13,0.63,102.23,15,1
5.65,108.5,479.17,906.23,0.64,127.9,17,1
5.68,116.93,465.58,900.28,0.71,130.46,17,1
5.0,116.61,473.09,860.7,0.62,140.4,14,1
5.5,116.09,439.56,939.04,0.59,137.65,15,1
5.44,106.62,462.61,895.91,0.61,130.72,15,1
5.51,115.01,454.46,877.67,0.6,148.19,14,1
5.3,104.95,421.08,915.2,0.58,119.45,17,1
5.09,118.99,496.93,884.57,0.7,111.21,16,1
5.24,111.9,434.03,905.62,0.64,129.21,17,1
5.28,102.33,504.42,886.4,0.69,123.75,13,1
5.31,103.38,464.98,882.98,0.71,128.23,13,1
4.86,113.72,490.64,874.08,0.71,106.69,14,1
5.35,117.59,499.01,941.29,0.72,105.68,17,1
5.63,117.6,462.32,881.21,0.59,109.33,17,1
5.58,119.43,471.49,879.23,0.64,133.59,16,1
5.39,111.45,474.09,914.04,0.66,126.06,15,1
5.28,110.89,464.27,948.37,0.63,147.43,18,1
4.97,117.6,421.09,875.01,0.6,124.71,16,1
5.59,116.36,499.14,866.81,0.61,109.54,14,1
4.94,102.92,420.75,874.9,0.72,146.77,14,1
5.45,107.43,431.16,886.9,0.64,144.4,16,1
4.94,115.61,503.56,937.54,0.66,110.7,17,1
5.2,106.57,424.87,932.08,0.65,119.59,14,1
5.46,100.84,476.24,929.96,0.7,138.33,16,1
5.41,106.17,464.14,936.59,0.69,136.38,18,1
5.58,106.69,496.71,926.19,0.6,137.71,18,1
5.24,109.15,500.45,942.87,0.69,147.69,16,1
5.38,117.84,435.62,918.78,0.67,104.37,16,1
5.2,116.02,491.28,900.84,0.65,142.04,17,1
4.94,100.63,442.38,867.14,0.6,117.0,15,1
4.94,118.97,430.85,927.17,0.62,107.54,13,1
5.48,109.07,458.74,938.14,0.7,133.76,13,1
4.93,111.41,471.86,865.91,0.7,121.67,14,1
5.37,104.23,424.02,949.24,0.68,109.4,13,1
5.27,102.9,471.86,893.0,0.63,141.96,14,1
5.21,100.74,441.24,913.2,0.66,103.11,18,1
4.86,108.28,428.98,860.33,0.64,138.69,15,1
5.69,114.65,493.56,861.04,0.64,127.96,13,1
5.13,106.42,421.83,898.93,0.63,127.69,18,1
4.89,101.6,427.56,932.38,0.68,131.65,17,1
5.31,108.37,478.08,915.63,0.69,112.24,17,1
5.43,112.82,460.36,924.0,0.68,113.87,16,1
5.57,101.08,499.51,876.03,0.65,114.21,16,1
5.37,100.56,476.6,916.24,0.66,144.8,16,1
4.94,114.47,428.51,873.45,0.6,122.39,16,1
5.47,112.53,436.62,907.64,0.61,141.87,13,1
5.54,104.44,466.72,895.76,0.7,142.88,16,1
5.05,109.74,429.13,874.19,0.68,115.82,16,1
5.33,114.62,458.97,904.94,0.67,115.18,15,1
5.33,102.94,498.71,893.44,0.64,110.76,14,1
5.42,116.31,490.83,861.44,0.63,121.62,16,1
5.41,101.99,424.97,905.21,0.61,118.72,18,1
5.37,102.08,489.63,907.76,0.67,141.93,14,1
5.33,102.9,436.64,874.75,0.61,113.78,18,1
5.56,116.48,435.12,864.33,0.67,122.92,15,1
5.29,107.72,449.74,921.7,0.7,146.24,16,1
5.04,113.8,478.39,929.74,0.63,137.03,14,1
5.32,119.84,457.56,945.1,0.62,131.95,16,1
5.31,117.94,474.62,887.82,0.58,117.56,18,1
5.11,100.9,445.31,944.27,0.65,115.75,18,1
4.88,107.35,501.73,900.33,0.62,114.3,17,1
5.33,111.69,441.2,943.31,0.71,133.15,16,1
5.64,102.75,422.43,933.68,0.62,128.78,17,1
5.41,105.33,446.87,905.46,0.7,121.85,14,1
5.1,100.69,454.42,879.76,0.7,145.6,14,1
5.63,119.89,490.2,906.71,0.62,149.09,16,1
5.6,102.91,447.17,904.47,0.63,138.9,17,1
5.43,118.45,440.44,901.21,0.63,129.33,14,1
5.4,101.19,427.38,919.01,0.63,132.04,15,1
5.03,109.91,490.83,947.64,0.62,144.14,14,1
5.45,106.45,460.27,946.74,0.66,106.0,16,1
5.13,105.46,466.51,875.13,0.59,135.78,18,1
5.13,105.27,440.46,888.2,0.68,145.75,13,1
5.52,115.61,431.78,898.05,0.7,118.84,18,1
5.68,112.53,452.06,942.11,0.67,112.69,15,1
5.43,109.75,498.97,931.8,0.72,145.03,15,1
5.59,102.51,460.25,928.61,0.66,106.89,16,1
5.08,114.94,452.55,875.4,0.63,115.8,13,1
5.24,111.18,496.16,934.56,0.66,136.61,17,1
5.38,116.46,471.17,899.76,0.71,115.96,17,1
4.95,118.45,443.93,914.63,0.63,112.6,16,1
5.68,114.41,476.43,871.33,0.66,147.22,18,1
5.21,112.31,452.94,947.59,0.72,136.45,13,1
5.34,101.24,482.54,874.32,0.64,126.85,14,1
5.34,115.55,481.65,861.1,0.65,125.33,17,1
5.0,106.61,485.84,908.13,0.68,142.57,13,1
5.04,108.99,480.68,937.22,0.69,125.0,14,1
5.43,101.32,482.27,888.77,0.68,140.82,14,1
4.84,111.44,495.4,926.78,0.65,144.23,14,1
5.14,107.39,446.96,912.03,0.64,135.7,15,1
4.84,112.92,424.04,882.96,0.62,107.61,14,1
5.32,104.5,456.93,926.0,0.69,104.47,18,1
5.23,101.3,479.9,923.89,0.61,142.66,18,1
5.01,101.27,434.63,881.95,0.61,148.44,18,1
5.47,104.37,475.26,914.64,0.62,109.33,16,1
4.9,104.21,451.8,937.53,0.69,143.62,15,1
5.48,112.02,472.52,926.04,0.65,133.33,16,1
5.33,110.77,433.58,878.3,0.62,141.72,18,1
5.42,118.78,441.25,905.96,0.59,128.58,13,1
5.54,100.83,481.79,870.25,0.58,108.82,17,1
5.41,118.9,440.18,941.63,0.58,143.32,18,1
4.9,103.83,456.05,903.63,0.68,120.13,16,1
4.87,102.57,509.8,877.29,0.64,121.31,16,1
5.24,111.56,499.04,888.46,0.71,104.09,15,1
5.32,114.68,459.56,940.34,0.59,109.98,13,1
5.24,103.47,458.21,903.89,0.66,127.92,14,1
4.84,109.21,438.71,899.27,0.58,133.14,13,1
4.94,113.68,485.02,882.35,0.72,110.48,14,1
4.88,107.12,431.31,935.45,0.7,116.83,17,1
5.68,113.75,503.15,931.05,0.68,101.42,16,1
5.37,113.69,431.33,883.33,0.64,139.12,17,1
5.52,102.42,426.07,915.54,0.58,119.15,16,1
5.66,118.38,482.63,909.69,0.62,131.81,18,1
4.87,117.05,469.93,904.43,0.71,117.72,16,1
5.33,119.02,421.12,884.71,0.63,143.34,17,1
5.61,119.93,439.07,904.02,0.6,111.35,18,1
5.63,108.51,450.54,932.39,0.58,122.45,17,1
5.0,110.44,425.3,919.8,0.68,128.56,16,1
5.22,103.43,450.04,895.56,0.64,110.85,16,1
5.34,108.53,454.17,943.52,0.68,129.52,15,1
5.27,105.93,461.37,949.06,0.7,121.41,15,1
5.35,100.97,469.05,866.63,0.64,144.35,16,1
5.44,117.91,502.54,900.27,0.6,128.78,14,1
5.48,100.36,450.02,898.39,0.59,121.32,13,1
5.51,118.09,448.4,912.11,0.71,139.18,18,1
4.8,110.09,453.38,916.48,0.67,120.26,17,1
4.94,106.83,451.57,916.38,0.58,126.47,18,1
5.46,115.75,492.54,879.63,0.64,144.0,16,1
4.94,108.21,481.76,936.96,0.61,114.97,15,1
4.86,112.77,439.51,897.54,0.59,101.11,16,1
5.5,109.66,459.19,930.41,0.64,105.27,14,1
5.05,101.51,453.76,894.81,0.59,126.2,15,1
4.84,103.68,455.12,933.76,0.63,138.86,16,1
5.36,110.25,491.07,861.51,0.59,109.08,15,1
5.23,108.12,429.53,867.22,0.71,132.28,17,1
5.69,115.56,424.24,885.6,0.64,121.57,18,1
5.05,114.56,459.27,921.69,0.59,109.18,15,1
5.42,112.65,452.84,926.25,0.7,103.42,17,1
4.87,116.74,494.73,929.15,0.64,116.64,16,1
5.01,112.22,480.48,941.44,0.72,121.84,13,1
4.81,103.4,483.41,872.4,0.69,125.19,16,1
5.63,118.5,422.58,908.76,0.68,123.65,15,1
5.49,104.64,446.32,868.4,0.66,101.05,18,1
5.66,110.85,494.9,921.84,0.69,101.25,17,1
5.66,119.14,422.53,881.52,0.72,113.08,13,1
5.59,107.23,494.31,905.7,0.65,144.77,18,1
5.02,118.88,432.56,913.69,0.59,117.45,15,1
5.19,109.52,429.06,918.78,0.65,141.53,15,1
5.66,108.78,499.75,882.93,0.68,126.26,16,1
4.88,111.42,423.54,933.76,0.63,113.37,17,1
4.9,100.81,437.08,869.72,0.66,122.11,18,1
5.61,119.09,464.05,865.83,0.58,111.93,18,1
5.64,108.37,496.66,879.98,0.65,127.75,18,1
4.93,110.03,498.94,943.78,0.59,134.52,15,1
5.48,105.54,439.7,861.19,0.7,148.67,15,1
4.95,110.76,438.55,927.21,0.6,138.02,13,1
5.1,116.96,439.06,888.62,0.67,138.14,15,1
5.56,102.97,427.48,880.64,0.66,125.06,17,1
5.53,110.48,432.62,861.47,0.72,106.02,14,1
5.43,104.35,478.26,924.67,0.68,133.71,17,1
5.52,118.21,486.21,884.89,0.62,139.11,13,1
5.42,107.15,470.82,940.47,0.72,141.44,17,1
5.1,113.81,443.1,899.61,0.6,110.04,13,1
5.66,110.72,481.14,861.97,0.59,126.18,13,1
5.39,104.54,435.11,900.88,0.61,141.72,18,1
5.46,116.73,473.82,890.55,0.66,144.25,14,1
4.99,104.42,453.5,905.24,0.59,141.9,13,1
5.42,115.29,454.24,926.73,0.71,133.98,18,1
5.39,117.49,431.84,876.54,0.71,109.7,18,1
4.83,116.38,454.36,860.56,0.68,103.93,15,1
5.37,103.34,466.74,895.57,0.63,106.01,15,1
5.62,106.04,435.23,899.64,0.66,137.56,16,1
4.99,112.52,487.09,948.35,0.6,133.51,16,1
5.61,101.79,501.07,871.87,0.67,104.72,14,1
5.25,103.2,427.84,889.55,0.67,116.13,16,1
5.5,105.66,500.19,916.52,0.6,114.17,13,1
5.61,117.03,504.55,941.9,0.69,110.52,18,1
5.15,118.45,497.91,934.23,0.61,104.06,16,1
4.98,107.85,433.93,886.29,0.67,144.74,18,1
5.08,101.28,441.33,894.31,0.66,140.71,16,1
5.27,102.09,446.88,896.9,0.61,147.92,14,1
5.61,102.72,485.24,935.17,0.69,137.58,16,1
5.53,102.8,464.8,936.85,0.62,143.37,13,1
5.13,106.72,439.7,922.12,0.69,110.18,17,1
4.94,102.91,472.11,942.48,0.62,108.64,17,1
5.36,103.45,450.45,903.06,0.63,119.64,17,1
4.81,102.37,470.63,942.02,0.63,142.56,16,1
4.94,119.59,489.63,932.79,0.58,135.71,14,1
5.05,100.97,475.3,947.3,0.64,123.35,16,1
4.97,119.28,462.85,892.67,0.67,137.94,14,1
4.99,117.07,470.42,946.47,0.61,103.88,15,1
4.99,107.18,468.9,879.18,0.62,121.49,17,1
5.56,105.28,442.52,903.98,0.7,146.93,18,1
5.44,110.25,484.77,887.16,0.59,144.28,17,1
5.3,118.77,479.15,889.75,0.63,122.02,16,1
5.63,110.51,427.44,919.74,0.69,111.45,16,1
5.2,110.67,461.81,878.88,0.67,108.41,18,1
5.01,106.44,492.14,866.24,0.63,132.02,15,1
4.81,101.04,486.6,907.04,0.68,121.59,18,1
4.92,101.27,476.91,891.15,0.62,149.59,15,1
5.36,116.15,482.53,942.59,0.69,137.02,15,1
5.59,108.06,425.61,874.3,0.6,106.66,14,1
5.3,100.49,484.29,917.21,0.71,145.01,16,1
4.91,103.54,477.46,912.18,0.62,123.72,13,1
5.21,111.93,441.55,917.98,0.65,123.26,16,1
5.57,103.32,471.61,905.4,0.7,106.68,14,1
5.33,107.99,498.95,906.03,0.69,137.81,13,1
5.51,116.9,494.96,885.93,0.61,100.96,15,1
5.33,106.05,501.13,915.53,0.61,116.83,17,1
5.55,119.23,465.65,946.25,0.72,110.57,16,1
5.27,101.79,482.51,910.51,0.72,108.27,14,1
5.62,117.04,449.95,868.39,0.61,117.62,13,1
4.81,103.91,465.21,927.06,0.71,135.18,15,1
5.41,101.21,448.15,904.5,0.6,138.41,17,1
5.33,105.29,440.5,927.52,0.6,125.4,16,1
5.52,107.08,497.53,902.28,0.65,104.33,17,1
5.6,100.29,428.3,928.53,0.6,144.07,18,1
5.64,105.98,447.76,883.59,0.69,136.74,17,1
5.17,114.88,487.81,863.66,0.6,139.8,16,1
5.58,104.48,422.32,912.34,0.71,120.65,15,1
5.21,103.35,490.31,927.87,0.63,148.92,14,1
5.56,112.66,490.9,901.13,0.67,139.21,16,1
4.98,113.53,454.66,949.51,0.65,145.17,17,1
3.07,245.98,827.9,295.16,0.25,471.11,1,0
3.43,244.24,831.93,311.06,0.29,478.51,2,0
3.4,237.94,876.52,310.02,0.22,462.84,5,0
3.26,258.46,905.08,251.94,0.26,460.6,4,0
2.82,234.91,800.48,276.26,0.29,431.79,4,0
3.02,232.14,805.94,253.79,0.29,453.98,2,0
3.13,239.59,902.6,257.43,0.21,433.4,4,0
3.05,278.64,861.06,310.32,0.22,410.49,4,0
2.92,277.81,783.46,298.45,0.18,403.88,5,0
3.35,263.7,886.3,319.38,0.24,382.71,5,0
3.22,233.85,818.13,284.32,0.18,431.74,3,0
3.16,268.13,875.47,290.34,0.29,387.16,4,0
2.85,267.8,888.61,295.3,0.3,389.37,2,0
3.24,253.59,889.99,255.98,0.21,385.34,3,0
3.06,240.21,860.43,255.39,0.21,384.98,3,0
2.83,261.14,871.82,279.34,0.2,412.55,3,0
2.95,265.92,909.74,311.75,0.24,448.26,2,0
3.27,266.52,796.39,287.1,0.19,485.64,3,0
3.17,241.04,872.94,256.49,0.19,404.49,5,0
2.81,279.87,895.86,253.08,0.2,459.24,2,0
3.09,276.53,909.36,271.94,0.18,392.09,3,0
3.27,244.36,887.21,289.53,0.26,440.49,2,0
2.95,255.1,908.57,265.75,0.26,415.49,3,0
3.12,264.45,897.79,267.08,0.2,489.68,1,0
3.37,279.12,784.1,303.67,0.26,418.05,2,0
3.05,271.98,897.87,288.25,0.2,465.2,1,0
3.23,278.34,785.2,276.98,0.25,494.75,5,0
3.24,271.26,797.56,274.65,0.28,461.05,1,0
3.23,252.12,834.15,251.59,0.23,442.68,1,0
3.41,254.51,905.3,275.69,0.3,467.85,5,0
3.08,272.38,818.17,298.7,0.2,408.78,5,0
3.17,276.46,894.78,258.45,0.22,392.13,4,0
3.27,271.16,904.01,305.2,0.21,428.17,1,0
2.83,246.17,849.62,299.41,0.25,455.42,5,0
3.47,236.38,899.26,285.05,0.27,460.82,1,0
2.91,234.63,901.36,318.89,0.29,481.84,4,0
2.83,262.66,816.7,289.39,0.25,454.91,2,0
3.11,234.39,838.58,269.03,0.29,470.96,2,0
3.33,276.33,852.98,319.95,0.21,418.54,4,0
2.83,259.79,865.56,291.95,0.22,499.09,4,0
3.36,260.12,887.72,261.62,0.29,433.45,3,0
2.97,245.18,907.08,286.28,0.2,463.03,1,0
3.28,262.1,820.12,268.14,0.25,446.68,2,0
3.42,243.0,869.97,284.15,0.18,387.56,4,0
3.2,279.48,829.37,303.56,0.18,485.28,4,0
3.13,248.72,819.62,283.09,0.24,455.91,1,0
2.93,251.21,872.51,301.31,0.18,391.45,3,0
2.84,246.56,828.85,278.67,0.25,427.14,1,0
2.84,267.03,811.79,286.96,0.29,479.64,1,0
3.47,254.13,785.13,268.29,0.23,496.69,1,0
3.47,231.02,811.56,271.2,0.22,496.39,1,0
3.24,251.44,784.26,263.54,0.21,480.24,2,0
3.3,241.2,814.54,289.49,0.21,480.95,4,0
2.87,238.08,840.79,252.62,0.21,435.87,1,0
3.17,236.26,808.25,251.14,0.19,392.7,3,0
3.15,230.31,848.81,311.34,0.24,452.24,1,0
2.81,235.35,871.16,315.38,0.29,417.96,2,0
2.96,258.79,821.57,308.45,0.22,386.44,1,0
3.37,278.86,828.2,267.65,0.3,422.66,2,0
2.81,257.56,906.33,301.25,0.23,414.22,5,0
3.08,257.86,880.12,315.14,0.26,458.51,1,0
3.17,245.8,839.47,287.94,0.25,392.61,2,0
3.15,232.13,891.89,313.49,0.22,394.94,4,0
2.93,270.7,813.5,294.68,0.26,489.74,2,0
3.08,248.23,877.23,262.6,0.19,443.57,1,0
3.03,257.16,801.45,284.54,0.19,475.4,1,0
3.23,242.7,859.45,310.08,0.29,469.36,3,0
3.16,243.47,810.71,293.3,0.24,445.03,3,0
3.15,231.3,828.15,290.56,0.28,435.19,1,0
3.03,245.47,867.05,291.82,0.29,417.75,1,0
2.82,253.21,804.28,274.93,0.24,414.6,4,0
2.93,262.14,887.26,264.75,0.27,489.88,5,0
2.84,241.08,860.05,275.22,0.22,446.54,2,0
2.83,270.43,843.8,254.61,0.25,393.49,4,0
3.05,264.27,836.81,257.01,0.25,469.38,1,0
3.19,249.62,876.96,296.59,0.21,494.56,1,0
3.3,242.5,817.86,277.88,0.3,469.33,5,0
3.09,253.81,822.13,262.46,0.2,427.75,4,0
3.21,252.83,900.36,259.78,0.26,472.26,4,0
3.36,245.99,791.75,298.85,0.29,449.91,2,0
2.93,241.7,830.14,271.25,0.19,407.27,1,0
3.43,243.55,817.7,277.32,0.21,476.74,1,0
3.29,266.55,847.24,315.64,0.18,428.11,5,0
2.83,274.48,812.6,305.1,0.26,401.69,2,0
2.9,231.66,832.84,264.48,0.27,437.5,1,0
3.05,242.61,901.44,310.0,0.27,468.86,2,0
2.92,232.79,902.2,262.33,0.29,389.32,3,0
3.26,275.26,860.56,299.3,0.21,440.56,5,0
3.09,243.66,859.31,298.13,0.27,438.43,3,0
2.99,248.19,799.02,298.66,0.27,453.3,3,0
3.1,270.1,885.06,304.32,0.28,474.23,3,0
3.43,256.45,833.88,267.15,0.26,383.43,2,0
2.9,240.84,813.72,282.91,0.22,394.37,4,0
3.28,256.9,807.83,307.77,0.19,477.64,3,0
3.03,271.69,823.67,253.19,0.24,387.32,4,0
3.35,261.51,872.03,282.3,0.21,481.79,5,0
2.98,239.7,822.79,253.26,0.19,440.72,4,0
3.04,269.63,866.79,290.21,0.3,498.68,5,0
3.48,267.84,806.67,317.88,0.28,445.97,2,0
3.05,266.52,906.97,256.38,0.23,396.68,3,0
3.3,274.67,885.93,302.61,0.28,437.45,5,0
3.17,242.82,891.78,281.4,0.29,417.56,4,0
2.85,241.6,823.69,250.78,0.28,484.5,3,0
3.39,259.95,887.84,317.83,0.24,389.91,5,0
2.97,263.18,812.78,318.02,0.2,417.95,2,0
3.45,245.84,834.06,314.52,0.21,414.81,5,0
3.04,265.5,810.98,309.22,0.2,429.2,2,0
3.39,243.41,906.94,288.94,0.27,480.52,5,0
3.43,251.86,845.4,269.65,0.21,389.75,4,0
3.07,248.96,802.53,288.14,0.28,448.64,5,0
3.4,258.89,785.01,258.59,0.27,434.93,1,0
3.26,250.87,783.94,282.83,0.19,436.44,5,0
3.44,274.54,875.26,278.52,0.24,396.79,4,0
3.04,268.57,884.29,274.57,0.21,437.4,3,0
3.44,241.97,877.88,259.95,0.25,450.28,5,0
3.49,257.97,889.5,304.87,0.22,408.29,1,0
3.28,279.92,821.97,267.41,0.25,387.19,5,0
3.33,264.93,838.66,317.46,0.26,468.74,3,0
3.29,235.34,879.73,254.75,0.21,439.82,2,0
3.47,232.48,823.13,284.14,0.3,397.21,3,0
3.34,278.41,855.04,313.42,0.29,382.96,4,0
3.11,241.08,887.55,263.67,0.22,441.75,4,0
3.43,261.22,860.63,250.33,0.21,460.89,1,0
3.07,245.0,898.45,297.18,0.25,487.12,3,0
2.85,277.1,815.62,291.43,0.21,459.25,3,0
3.03,251.61,783.37,275.53,0.29,413.88,5,0
3.43,279.4,887.78,262.27,0.26,459.62,1,0
2.87,268.6,788.09,256.6,0.24,420.49,5,0
3.39,261.4,855.48,303.82,0.29,495.01,1,0
3.1,276.29,865.5,313.5,0.27,422.77,1,0
3.0,242.82,824.16,296.04,0.29,469.28,2,0
3.16,245.95,882.15,312.66,0.24,391.55,3,0
3.04,279.2,890.54,279.62,0.3,388.44,1,0
2.88,277.48,863.35,279.34,0.29,497.29,2,0
3.03,233.65,898.04,311.27,0.22,445.9,4,0
3.35,267.72,857.14,315.82,0.22,398.56,4,0
3.16,265.66,896.96,251.02,0.21,412.6,2,0
3.45,249.14,794.52,310.78,0.21,408.62,5,0
3.46,236.16,892.12,308.35,0.28,448.19,5,0
2.89,262.5,786.62,282.33,0.28,389.86,3,0
2.97,232.15,787.64,306.79,0.26,390.56,2,0
2.82,257.83,894.6,277.26,0.29,418.73,2,0
2.97,240.25,866.27,269.96,0.29,477.74,3,0
3.45,278.7,880.63,318.1,0.29,488.35,1,0
3.42,245.74,858.45,303.9,0.25,493.43,1,0
3.49,242.38,809.64,298.94,0.19,416.19,2,0
3.34,236.18,833.9,290.68,0.22,444.16,5,0
3.44,269.39,807.0,293.21,0.22,425.16,2,0
3.22,278.24,799.55,281.65,0.24,489.36,4,0
3.07,257.51,883.29,318.1,0.24,387.55,1,0
3.19,263.47,824.38,313.33,0.18,385.91,3,0
3.45,258.71,901.82,256.64,0.23,385.47,3,0
3.39,266.44,905.91,251.14,0.26,496.83,1,0
3.27,267.41,815.17,254.56,0.2,390.93,5,0
3.41,234.25,887.91,297.63,0.3,487.62,1,0
3.36,237.79,825.72,297.59,0.26,460.77,1,0
2.96,262.61,881.6,302.42,0.3,420.29,4,0
3.1,268.27,877.51,251.36,0.29,482.08,5,0
2.91,238.96,785.11,293.23,0.19,403.28,1,0
3.33,272.22,825.29,272.93,0.19,497.31,3,0
3.03,250.96,852.55,273.92,0.27,458.93,4,0
3.17,264.32,799.75,307.18,0.3,475.68,5,0
3.22,243.42,846.41,274.33,0.22,478.17,1,0
3.2,278.95,796.8,271.43,0.22,428.27,2,0
3.46,267.07,881.87,277.98,0.24,445.66,1,0
2.96,248.51,864.38,266.06,0.23,494.89,1,0
3.03,266.73,850.1,292.54,0.26,404.32,3,0
3.11,253.23,849.62,314.45,0.29,398.36,4,0
2.97,230.6,880.94,317.45,0.25,443.69,1,0
3.4,254.58,887.21,281.66,0.2,383.5,1,0
2.96,239.2,887.04,255.77,0.3,462.44,2,0
3.36,268.94,881.97,279.46,0.26,482.74,3,0
3.42,253.09,805.97,315.04,0.26,449.22,3,0
3.49,234.76,781.0,274.78,0.28,402.97,1,0
3.28,251.13,900.21,274.86,0.21,481.98,5,0
3.18,266.98,847.91,299.43,0.23,428.32,5,0
3.31,263.19,796.38,253.25,0.18,492.5,2,0
3.16,273.53,833.63,273.5,0.2,489.01,1,0
3.08,263.76,904.71,286.21,0.25,395.27,4,0
2.89,261.88,861.07,251.58,0.25,418.95,2,0
3.14,270.2,836.6,288.82,0.26,424.57,4,0
3.26,261.7,844.05,291.93,0.2,402.94,5,0
2.82,241.65,825.56,287.97,0.21,457.75,1,0
2.81,245.36,905.63,302.45,0.26,394.94,4,0
3.45,238.14,868.46,318.47,0.27,413.35,5,0
3.34,256.41,831.32,287.6,0.22,416.1,4,0
2.94,258.21,848.43,313.89,0.19,450.15,4,0
3.12,273.2,857.51,303.48,0.26,447.26,5,0
3.13,279.23,834.57,276.45,0.24,453.94,1,0
2.97,244.6,782.25,289.49,0.18,449.15,3,0
3.17,269.59,894.9,316.41,0.27,393.83,2,0
2.87,251.02,812.48,293.93,0.3,381.03,3,0
3.41,276.56,904.71,257.99,0.19,418.04,4,0
3.49,249.98,894.6,253.51,0.22,472.79,4,0
3.28,230.71,782.32,304.28,0.24,434.89,1,0
3.04,252.51,813.42,319.07,0.26,494.98,3,0
3.18,255.97,876.94,301.47,0.19,442.9,3,0
3.28,268.65,893.76,314.54,0.28,442.29,2,0
3.22,270.01,797.46,260.69,0.29,443.25,2,0
3.09,263.86,906.46,289.02,0.22,487.46,3,0
2.89,247.25,835.92,293.08,0.25,442.14,4,0
3.02,248.16,814.9,300.71,0.28,429.74,4,0
3.02,243.28,872.5,317.25,0.18,435.37,2,0
3.17,278.12,811.58,318.74,0.22,465.7,5,0
3.28,238.18,839.68,277.93,0.21,447.79,5,0
3.48,231.86,837.67,267.03,0.26,467.39,5,0
2.85,242.82,825.93,273.29,0.21,492.47,1,0
2.93,236.35,854.53,252.65,0.25,394.23,1,0
3.46,274.95,908.54,271.42,0.26,409.64,5,0
2.82,267.6,799.45,276.84,0.19,407.63,5,0
2.9,230.52,784.09,289.6,0.19,399.57,5,0
2.93,265.53,884.02,312.24,0.27,455.32,2,0
3.11,258.67,781.04,311.0,0.24,426.61,5,0
3.15,237.31,806.92,272.71,0.19,429.45,2,0
3.43,273.73,822.24,278.15,0.18,415.84,4,0
3.05,244.65,886.01,290.76,0.22,380.94,2,0
3.15,237.62,880.41,293.29,0.22,396.5,2,0
2.95,272.53,861.53,305.41,0.22,399.91,2,0
3.21,245.68,897.56,269.46,0.18,400.26,1,0
2.83,237.25,901.89,294.95,0.3,482.84,4,0
3.38,237.59,886.64,317.77,0.19,478.36,1,0
3.39,240.77,854.72,287.48,0.21,413.17,1,0
3.01,262.89,827.78,298.36,0.26,441.37,4,0
3.29,279.0,849.97,285.96,0.2,463.9,1,0
2.85,262.6,842.24,300.04,0.26,462.37,2,0
3.02,253.13,896.15,257.39,0.2,380.26,2,0
3.07,278.93,894.46,287.06,0.22,422.32,4,0
2.95,264.18,806.24,301.34,0.3,395.66,5,0
3.38,253.44,863.93,266.91,0.19,472.4,3,0
2.9,250.03,851.29,260.48,0.19,442.39,4,0
3.32,273.4,804.83,270.17,0.26,446.39,3,0
3.22,260.81,842.52,261.89,0.19,418.18,2,0
3.39,270.27,817.05,298.41,0.3,442.47,2,0
2.95,235.96,901.82,273.02,0.29,437.1,4,0
3.05,240.18,905.07,261.04,0.3,495.79,4,0
2.82,247.82,899.3,254.74,0.27,495.41,1,0
3.04,259.11,891.6,294.57,0.19,412.53,4,0
2.89,233.48,883.17,253.96,0.19,442.51,2,0
3.33,247.81,839.99,268.93,0.27,439.99,1,0
3.49,247.88,856.75,288.65,0.27,479.49,5,0
3.28,247.69,807.91,269.51,0.23,407.5,1,0
2.91,267.2,787.86,257.83,0.28,404.63,5,0
3.12,252.69,839.3,275.69,0.27,448.0,1,0
3.04,250.46,891.43,284.63,0.28,453.79,4,0
3.0,254.91,909.88,259.06,0.2,440.51,4,0
3.4,242.39,829.04,290.28,0.22,471.36,5,0
3.44,238.68,822.32,311.54,0.2,451.84,5,0
3.34,244.85,842.37,312.01,0.29,432.49,3,0
3.04,239.31,825.82,315.65,0.23,431.26,2,0
3.13,246.04,797.14,289.17,0.21,495.93,1,0
3.03,231.71,825.98,277.6,0.25,457.08,1,0
3.49,245.33,884.43,261.85,0.26,388.66,3,0
3.08,272.26,885.43,256.99,0.27,462.81,4,0
3.31,240.67,861.39,255.86,0.18,463.99,5,0
3.4,248.44,895.52,306.18,0.29,463.96,3,0
3.49,254.85,904.96,287.95,0.29,462.78,4,0
3.42,272.26,836.03,260.25,0.23,468.76,2,0
3.36,267.73,850.02,317.57,0.25,447.74,4,0
3.14,271.06,901.15,253.26,0.23,387.96,4,0
3.12,262.0,840.55,317.91,0.28,416.65,2,0
3.21,274.68,795.49,269.63,0.2,458.88,4,0
3.3,266.03,844.1,289.08,0.2,434.45,2,0
3.2,277.91,823.87,264.64,0.2,400.73,3,0
3.02,261.92,811.12,292.27,0.27,422.77,2,0
3.38,246.97,844.5,255.86,0.29,489.5,1,0
3.44,264.37,799.56,305.9,0.24,427.04,3,0
3.33,242.2,847.82,313.59,0.2,410.78,2,0
3.15,253.06,909.73,250.97,0.26,493.56,2,0
3.13,272.05,862.69,277.97,0.25,424.91,4,0
3.39,236.98,810.12,309.59,0.29,380.38,4,0
3.19,259.07,803.22,297.52,0.22,459.75,4,0
3.09,251.04,798.07,286.75,0.18,431.87,2,0
2.87,279.9,855.0,287.89,0.18,397.51,5,0
2.82,242.46,812.67,302.34,0.24,460.12,2,0
2.94,264.64,840.61,283.33,0.28,405.11,5,0
3.19,273.95,847.81,263.63,0.3,385.73,2,0
2.93,259.43,862.6,317.95,0.29,420.14,3,0
3.13,253.82,893.54,279.12,0.23,428.06,5,0
3.4,255.46,809.2,313.1,0.22,476.74,3,0
2.98,240.97,892.47,269.93,0.3,431.95,3,0
3.08,261.0,847.73,305.32,0.19,498.26,1,0
2.86,257.53,802.95,258.79,0.24,485.65,5,0
3.29,265.87,820.98,312.89,0.28,444.96,3,0
3.31,258.73,867.23,315.45,0.29,428.94,3,0
3.14,277.52,795.27,278.13,0.19,425.65,3,0
3.4,250.68,780.67,281.69,0.19,421.64,4,0
3.22,242.94,829.47,267.45,0.23,385.47,5,0
2.93,278.04,888.19,256.91,0.29,447.56,2,0
3.09,248.45,818.35,252.35,0.2,383.31,5,0
2.92,241.15,837.62,256.83,0.23,490.27,4,0
3.19,238.07,797.06,253.23,0.26,480.51,2,0
3.5,239.74,789.83,262.18,0.28,413.85,3,0
3.4,239.3,908.75,318.62,0.22,392.67,3,0
2.82,266.49,906.02,315.75,0.23,451.97,1,0
2.94,233.39,829.07,269.46,0.28,497.48,3,0
3.23,241.96,813.09,268.3,0.19,492.93,3,0
3.23,274.48,867.67,286.8,0.3,491.31,3,0
3.03,260.46,833.33,295.73,0.26,435.06,1,0
3.41,259.13,813.58,310.93,0.28,415.79,5,0
3.04,237.79,796.99,301.53,0.2,476.71,5,0
3.19,267.54,869.2,308.31,0.21,406.5,5,0
3.11,257.41,900.06,312.28,0.3,426.91,5,0
3.04,246.26,832.38,278.12,0.3,485.27,5,0
3.19,257.26,874.26,311.57,0.25,435.61,4,0
3.0,244.88,789.04,291.6,0.22,498.28,3,0
2.94,249.63,833.64,277.63,0.27,458.5,4,0
3.02,248.11,792.84,306.42,0.22,468.17,5,0
2.94,248.57,805.43,268.05,0.28,381.4,4,0
3.23,272.48,795.09,261.16,0.24,392.64,4,0
3.47,263.22,797.06,303.22,0.25,441.04,3,0
2.87,260.65,835.76,282.66,0.22,433.11,2,0
2.82,255.96,831.54,292.28,0.3,496.75,1,0
3.02,231.23,799.59,303.77,0.26,425.1,3,0
2.97,233.31,862.64,275.46,0.29,492.69,2,0
3.45,250.42,821.48,316.73,0.29,394.46,3,0
3.46,275.83,831.28,291.09,0.28,462.41,4,0
3.48,251.26,830.01,287.87,0.2,436.79,3,0
3.15,239.97,863.92,299.18,0.2,479.14,2,0
3.18,230.29,909.3,269.75,0.24,427.49,4,0
3.08,278.81,890.14,269.17,0.27,404.28,5,0
2.86,231.0,909.11,271.79,0.25,472.2,1,0
3.09,254.53,852.53,274.82,0.28,444.74,3,0
3.08,257.81,788.0,250.46,0.19,410.24,3,0
2.84,254.51,886.97,291.31,0.2,474.45,1,0
2.92,278.02,891.15,291.62,0.28,395.5,1,0
3.45,246.76,797.8,276.25,0.3,487.57,2,0
3.19,268.79,881.33,251.31,0.25,398.98,3,0
2.98,250.92,830.4,298.58,0.23,385.31,3,0
3.06,252.88,852.38,312.07,0.21,383.28,3,0
3.14,260.06,879.43,254.15,0.22,495.43,5,0
3.29,261.67,851.53,286.45,0.26,444.64,5,0
3.08,265.59,831.65,280.53,0.19,384.8,3,0
3.39,252.87,842.4,307.05,0.24,402.1,4,0
2.8,240.76,865.45,267.97,0.21,403.3,1,0
2.87,272.33,907.72,259.57,0.22,435.86,3,0
3.48,252.23,851.73,253.52,0.2,479.23,3,0
2.87,245.83,858.92,262.15,0.2,390.9,2,0
3.29,241.49,887.02,272.41,0.24,458.11,3,0
3.47,252.8,854.71,273.83,0.28,447.01,3,0
3.46,255.76,805.52,278.03,0.18,404.01,2,0
3.06,244.06,821.11,250.37,0.23,470.26,5,0
3.17,250.17,889.19,273.06,0.21,483.91,2,0
3.15,276.45,896.24,257.81,0.25,479.58,3,0
3.33,246.6,835.13,252.1,0.2,429.35,1,0
2.86,257.8,835.79,250.21,0.24,468.36,1,0
3.41,274.86,890.68,316.45,0.21,453.1,4,0
2.91,267.78,782.22,260.16,0.22,442.06,1,0
2.84,255.91,902.81,310.07,0.27,387.82,2,0
3.46,236.77,843.89,267.32,0.23,497.06,4,0
3.11,243.68,830.85,286.79,0.22,475.24,4,0
2.8,259.23,876.51,288.39,0.29,455.64,2,0
3.47,255.76,814.78,267.42,0.26,438.42,3,0
2.84,241.89,882.14,290.12,0.27,471.5,5,0
3.47,248.03,848.68,282.03,0.25,469.44,2,0
3.22,247.75,842.89,259.12,0.24,469.93,1,0
3.49,240.42,838.8,257.43,0.18,498.91,5,0
3.35,245.82,898.11,309.77,0.27,440.04,4,0
3.25,242.04,857.77,274.7,0.25,439.22,1,0
3.36,236.6,847.41,266.92,0.23,404.78,2,0
3.22,256.93,829.22,250.96,0.24,442.88,2,0
2.98,244.67,836.89,306.08,0.27,406.38,1,0
2.81,263.57,849.75,317.88,0.29,477.92,3,0
3.15,254.44,844.24,256.01,0.3,473.19,2,0
3.2,232.29,814.61,290.85,0.22,413.17,2,0
3.16,241.01,903.5,286.63,0.19,412.47,1,0
2.91,254.12,850.6,312.44,0.24,487.86,4,0
2.83,257.22,789.88,271.65,0.24,401.49,1,0
3.29,239.19,824.65,311.48,0.28,400.82,2,0
3.41,234.15,827.29,301.23,0.28,471.12,5,0
3.32,236.73,808.3,295.76,0.19,467.35,2,0
3.12,273.81,859.99,310.6,0.26,385.47,3,0
3.26,246.49,895.02,314.25,0.27,489.76,1,0
3.48,244.54,895.11,251.28,0.28,402.59,4,0
3.23,235.93,809.86,291.26,0.29,393.96,2,0
3.18,236.15,867.24,276.65,0.28,491.66,3,0
3.45,279.12,895.02,278.65,0.22,396.46,2,0
3.04,237.87,892.68,316.13,0.21,474.75,5,0
3.02,238.3,859.38,255.91,0.27,485.15,5,0
3.03,266.96,859.51,317.26,0.21,397.2,1,0
3.26,254.29,822.85,270.72,0.25,452.67,5,0
3.02,273.16,895.36,311.26,0.26,444.97,4,0
3.47,247.34,879.27,261.02,0.25,496.37,3,0
3.01,245.97,853.8,305.59,0.26,431.16,3,0
3.08,231.25,785.12,253.7,0.2,414.99,1,0
2.87,250.2,835.06,269.24,0.27,414.68,4,0
2.97,269.86,871.9,316.86,0.29,455.08,3,0
2.94,278.75,781.75,254.69,0.24,426.52,4,0
3.45,240.76,813.44,282.08,0.23,403.55,1,0
3.07,265.76,852.2,272.05,0.22,440.58,3,0
3.03,274.82,783.08,315.68,0.21,476.46,3,0
3.16,231.94,883.41,302.57,0.23,402.76,4,0
3.36,257.2,820.84,303.94,0.19,403.79,3,0
3.19,269.71,909.72,297.5,0.21,435.36,5,0
3.34,277.56,909.9,319.06,0.25,407.2,5,0
3.16,263.24,895.84,252.29,0.22,387.48,4,0
2.86,251.47,798.31,305.06,0.26,450.21,5,0
3.37,256.06,808.0,275.07,0.22,427.41,3,0
2.81,250.0,856.82,261.01,0.25,455.26,3,0
2.94,271.58,832.76,296.16,0.29,460.05,1,0
3.12,274.6,852.59,311.15,0.26,495.72,3,0
2.8,258.19,803.98,293.68,0.25,424.43,3,0
2.86,277.53,862.55,295.95,0.23,397.5,2,0
3.11,242.51,830.94,264.95,0.24,422.78,4,0
2.97,267.71,891.64,304.59,0.22,458.27,3,0
3.05,257.42,843.22,301.83,0.24,460.54,4,0
3.01,236.16,908.29,281.32,0.24,485.27,1,0
3.22,255.58,873.09,252.26,0.2,467.49,4,0
3.13,257.91,891.07,256.43,0.3,381.46,1,0
3.19,239.7,833.97,286.02,0.29,445.7,3,0
3.38,245.36,881.7,306.0,0.21,469.65,5,0
3.16,268.35,905.43,291.16,0.21,397.65,4,0
3.09,235.09,889.48,270.84,0.26,406.51,2,0
2.97,246.25,858.49,276.58,0.21,430.27,3,0
2.89,259.82,796.29,272.71,0.23,456.85,2,0
3.38,278.14,835.39,297.22,0.2,386.87,3,0
3.19,239.61,821.77,254.21,0.27,387.91,1,0
3.02,268.75,874.75,281.73,0.29,434.83,2,0
3.4,231.38,813.24,252.34,0.24,385.36,2,0
3.17,268.78,787.3,304.83,0.27,411.22,3,0
3.34,269.88,842.53,264.7,0.28,432.25,3,0
3.17,259.63,898.05,305.34,0.26,427.65,2,0
2.94,264.87,873.78,257.52,0.26,474.47,4,0
3.37,275.89,873.9,263.93,0.26,482.98,3,0
3.38,276.26,808.58,306.78,0.24,431.37,3,0
3.28,253.16,892.93,292.84,0.29,419.71,3,0
2.97,232.38,894.88,284.5,0.18,493.61,5,0
3.26,275.47,842.24,273.71,0.29,494.87,3,0
3.11,246.2,790.1,262.82,0.21,468.72,2,0
2.89,243.94,858.83,297.18,0.28,387.32,5,0
3.08,251.4,797.57,260.86,0.29,463.93,1,0
3.38,272.75,788.96,316.66,0.2,419.15,2,0
3.39,241.42,906.95,288.02,0.22,459.56,5,0
3.45,257.77,831.49,258.0,0.21,389.36,1,0
3.31,240.76,842.95,300.28,0.23,439.37,3,0
3.0,252.99,792.01,288.95,0.22,397.71,4,0
2.9,278.87,855.04,264.83,0.22,458.09,2,0
3.16,267.56,870.88,260.91,0.28,400.08,1,0
3.09,255.06,835.59,297.43,0.28,469.15,1,0
3.42,250.58,834.55,262.68,0.21,436.84,2,0
2.98,256.96,892.76,297.63,0.2,471.16,3,0
3.27,279.05,885.17,299.88,0.29,436.73,5,0
2.95,256.25,823.13,256.36,0.2,457.94,4,0
3.4,277.14,881.84,312.57,0.25,450.8,5,0
3.27,265.75,833.86,261.39,0.27,407.11,5,0
3.46,266.54,819.29,269.27,0.24,428.37,2,0
3.1,245.34,836.49,311.37,0.18,447.49,3,0
3.08,258.31,858.87,266.73,0.27,428.51,3,0
3.17,250.06,852.95,286.96,0.29,492.41,3,0
3.19,242.39,881.38,300.66,0.22,460.14,1,0
3.45,231.05,836.38,250.89,0.27,487.75,3,0
2.93,260.55,787.9,251.24,0.24,465.35,5,0
3.41,235.54,818.73,315.82,0.2,418.11,1,0
3.15,274.08,845.53,268.38,0.26,494.36,4,0
3.33,276.49,819.83,296.97,0.21,450.89,5,0
2.91,269.16,809.92,300.92,0.28,434.51,5,0
2.97,246.42,783.76,270.94,0.22,473.22,4,0
2.93,262.43,818.29,314.97,0.28,402.29,5,0
3.42,242.61,900.16,300.91,0.26,406.77,2,0
2.85,239.48,861.44,296.67,0.27,467.24,2,0
3.24,272.67,826.34,279.8,0.23,427.41,1,0
3.1,259.09,790.08,271.04,0.23,400.32,5,0
3.2,243.82,834.49,288.39,0.26,468.26,3,0
2.86,258.15,891.35,308.07,0.24,495.45,2,0
3.18,240.1,794.08,255.01,0.25,487.73,2,0
2.81,262.19,824.1,253.59,0.27,442.72,5,0
3.12,248.11,816.57,286.01,0.2,468.95,2,0
3.07,248.07,864.7,275.23,0.21,478.77,3,0
3.46,237.74,814.9,271.56,0.26,400.28,3,0
3.08,246.77,798.18,251.73,0.27,455.24,1,0
2.89,278.59,868.81,256.83,0.3,499.64,3,0
3.48,256.72,786.4,296.39,0.24,417.68,5,0
2.88,239.11,803.02,260.62,0.26,384.11,3,0
3.13,234.4,860.94,286.04,0.19,391.57,3,0
2.92,254.48,781.0,256.14,0.19,444.71,3,0
3.22,267.66,783.19,297.83,0.28,478.09,3,0
2.85,242.91,824.76,316.15,0.2,455.87,1,0
3.49,262.21,863.41,260.51,0.28,489.46,4,0
3.21,260.34,909.07,293.25,0.28,441.21,2,0
3.03,246.11,784.88,260.66,0.3,417.42,1,0
3.2,264.25,838.26,268.76,0.28,407.81,3,0
3.28,258.04,873.31,303.55,0.2,431.89,1,0
2.96,236.82,896.29,318.51,0.27,485.22,2,0
2.89,278.93,783.51,293.9,0.27,409.08,5,0
3.16,253.13,842.65,257.33,0.28,490.7,3,0
3.04,272.2,794.27,302.62,0.23,432.74,5,0
2.98,235.64,889.16,263.07,0.21,435.49,5,0
2.98,273.16,888.45,290.18,0.27,396.9,5,0
2.87,254.78,823.39,256.91,0.24,418.99,2,0
3.31,273.23,867.43,305.28,0.22,463.74,3,0
3.29,237.72,789.06,312.08,0.19,462.42,5,0
3.33,278.87,816.48,284.92,0.23,457.82,2,0
3.39,274.03,844.35,274.8,0.29,463.53,2,0
2.9,245.28,781.14,317.44,0.22,413.38,2,0
3.03,259.36,845.55,305.02,0.26,392.76,4,0
3.49,276.37,787.14,254.54,0.23,386.22,3,0
3.42,271.75,859.42,310.54,0.2,381.26,3,0
3.21,261.77,823.28,279.57,0.23,492.5,5,0
2.88,255.78,847.79,316.42,0.29,438.02,2,0
3.29,250.35,791.49,264.8,0.21,495.96,5,0
2.89,275.39,813.77,273.91,0.28,411.94,4,0
3.0,251.2,879.59,272.21,0.28,424.87,5,0
3.36,239.64,804.26,305.25,0.26,495.95,1,0
2.84,244.97,810.49,270.45,0.18,393.32,5,0
3.49,272.65,833.81,291.13,0.28,391.53,4,0
3.16,268.52,801.21,271.41,0.2,415.55,4,0
3.16,270.82,877.46,312.58,0.18,447.55,1,0
3.18,249.4,865.18,315.22,0.29,431.77,5,0
2.84,264.19,870.73,259.22,0.24,415.99,2,0
3.09,256.28,846.41,280.17,0.29,431.91,2,0
3.38,279.54,879.89,270.17,0.27,385.23,5,0
3.09,232.87,861.62,319.13,0.25,428.05,5,0
2.9,237.3,789.43,283.01,0.29,474.3,3,0
3.22,267.16,905.45,303.4,0.25,458.07,4,0
2.91,249.72,882.68,264.3,0.2,418.92,3,0
3.13,270.77,781.85,315.26,0.26,429.7,1,0
3.3,244.58,906.01,250.64,0.22,382.29,5,0
3.01,273.31,875.6,307.62,0.21,428.74,1,0
2.83,250.5,890.99,280.28,0.2,408.36,2,0
2.89,260.81,824.89,287.11,0.26,408.05,4,0
3.31,269.6,853.95,291.2,0.25,423.32,5,0
3.12,273.68,847.7,295.1,0.25,404.02,2,0
2.92,262.96,789.49,315.16,0.25,382.34,1,0
3.26,275.52,860.76,263.17,0.25,460.14,2,0
3.3,247.05,874.5,250.61,0.26,386.29,3,0
3.21,279.63,793.91,258.47,0.28,486.71,4,0
2.85,244.27,909.64,283.36,0.24,400.99,3,0
3.19,279.08,831.09,250.53,0.28,411.25,1,0
3.49,238.49,854.19,290.84,0.23,416.18,5,0
3.33,237.62,800.92,318.46,0.26,466.62,5,0
3.07,241.13,796.0,270.81,0.25,498.85,2,0
3.34,237.39,868.53,292.32,0.25,415.56,1,0
3.17,274.99,817.3,271.27,0.18,459.46,5,0
2.86,265.85,846.8,270.73,0.21,381.0,4,0
3.49,237.56,880.77,302.78,0.19,459.52,1,0
2.85,230.34,894.92,278.41,0.27,393.35,5,0
3.06,262.2,868.13,302.41,0.24,401.49,2,0
3.01,268.91,889.52,279.41,0.18,436.61,3,0
2.84,260.76,789.53,285.92,0.26,388.27,2,0
3.25,269.9,809.98,296.1,0.29,415.73,4,0
3.02,236.86,837.88,302.82,0.2,403.3,3,0
3.33,245.09,822.08,314.83,0.24,455.34,3,0
3.11,266.36,909.97,316.1,0.21,385.19,5,0
2.91,263.7,835.31,298.57,0.2,409.02,5,0
3.44,255.82,906.0,264.71,0.22,483.34,5,0
3.24,259.26,833.5,317.87,0.26,471.67,4,0
2.91,240.36,908.15,276.22,0.24,419.05,5,0
3.33,265.21,833.34,298.29,0.25,445.65,3,0
3.05,262.99,831.1,292.71,0.26,444.25,4,0
3.23,251.56,880.53,311.93,0.18,434.35,1,0
3.09,242.95,788.0,284.8,0.21,442.29,5,0
3.24,268.75,895.04,250.18,0.19,411.58,4,0
3.05,236.93,885.37,263.11,0.21,446.09,3,0
3.09,233.72,805.62,272.68,0.29,491.09,5,0
2.97,270.7,863.87,295.16,0.23,410.46,1,0
2.9,239.7,852.73,314.96,0.27,457.92,2,0
3.37,271.46,905.56,269.72,0.29,463.5,3,0
3.36,239.07,897.34,316.91,0.18,402.32,5,0
3.32,257.41,870.95,275.99,0.25,441.37,1,0
3.37,245.27,877.51,290.03,0.24,478.95,5,0
3.24,260.2,833.89,293.26,0.23,440.09,5,0
3.33,249.06,796.4,273.37,0.28,382.02,1,0
2.87,260.45,826.53,317.97,0.28,436.86,3,0
2.82,246.71,848.57,282.2,0.27,475.71,4,0
2.99,277.31,838.6,281.41,0.22,414.82,4,0
3.24,251.05,900.53,275.38,0.27,494.19,5,0
2.92,272.08,888.37,293.34,0.26,465.42,2,0
2.81,243.72,812.9,288.09,0.27,404.09,1,0
3.05,271.76,824.32,272.59,0.22,463.95,1,0
2.93,234.98,860.34,257.97,0.29,464.1,1,0
2.9,278.47,848.41,288.97,0.25,456.17,3,0
3.42,261.07,782.6,274.54,0.23,476.09,3,0
2.99,253.5,840.92,286.29,0.19,449.01,3,0
3.28,234.52,831.39,293.81,0.25,406.68,1,0
3.39,269.88,816.32,318.76,0.22,415.47,1,0
2.91,246.98,844.26,284.49,0.22,479.34,5,0
3.19,233.84,846.32,286.78,0.27,492.07,1,0
3.25,262.17,861.2,316.4,0.3,385.76,2,0
3.13,265.73,817.63,250.33,0.18,425.94,3,0
3.08,247.14,868.2,286.1,0.24,441.16,3,0
3.39,234.6,862.38,271.62,0.25,446.68,1,0
3.04,243.48,794.33,256.87,0.19,423.42,1,0
3.28,267.11,799.18,250.34,0.25,433.41,2,0
2.87,232.49,832.18,286.08,0.18,496.09,5,0
3.48,268.43,890.15,288.16,0.29,481.91,4,0
3.49,272.92,806.64,261.6,0.22,448.77,5,0
3.22,256.2,894.55,267.27,0.2,442.07,2,0
2.88,268.35,817.17,319.92,0.2,436.61,3,0
3.03,235.55,883.53,319.37,0.22,408.68,5,0
3.47,233.93,885.17,266.91,0.2,498.62,4,0
2.85,260.03,815.35,257.03,0.29,475.54,4,0
2.83,233.99,814.93,305.47,0.28,429.62,3,0
3.28,255.09,834.94,282.21,0.27,422.24,5,0
3.24,246.97,908.16,262.7,0.28,389.68,1,0
2.82,257.2,902.36,266.06,0.18,474.78,4,0
3.19,241.78,875.57,271.33,0.27,422.04,5,0
3.29,240.19,790.5,251.61,0.2,381.9,4,0
3.44,278.75,781.32,291.94,0.29,397.46,1,0
3.37,247.38,863.11,277.58,0.24,389.73,1,0
3.33,243.59,855.82,287.34,0.21,388.42,4,0
3.36,277.18,907.92,271.57,0.24,475.0,4,0